16,CS510,CS01
17,CS510,CS02
18,CS510,CS03
19,CS510,CS04
20,CS510,CS05
21,CS510,CS06
22,CS510,CS07
23,CS510,CS08
24,CS510,CS09
25,CS510,CS10
26,CS510,CS11
27,CS510,CS12
28,CS520,CS01
29,CS520,CS02
30,CS520,CS03
31,CS520,CS04
32,CS520,CS05
33,CS520,CS06
34,CS520,CS07
35,CS520,CS08
36,CS520,CS09
37,CS520,CS10
38,CS520,CS11
39,CS520,CS12
40,CS530,CS01
41,CS530,CS02
42,CS530,CS03
43,CS530,CS04
44,CS530,CS05
45,CS530,CS06
46,CS530,CS07
47,CS530,CS08
48,CS530,CS09
49,CS530,CS10
50,CS530,CS11
51,CS530,CS12
52,CS540,CS01
53,CS540,CS02
54,CS540,CS03
55,CS540,CS04
56,CS540,CS05
57,CS540,CS06
58,CS540,CS07
59,CS540,CS08
60,CS540,CS09
61,CS540,CS10
62,CS540,CS11
63,CS540,CS12
64,CS550,CS01
65,CS550,CS02
66,CS550,CS03
67,CS550,CS04
68,CS550,CS05
69,CS550,CS06
70,CS550,CS07
71,CS550,CS08
72,CS550,CS09
73,CS550,CS10
74,CS550,CS11
75,CS550,CS12
76,MA510,CS01
77,MA510,CS02
78,MA510,CS03
79,MA510,CS04
80,MA510,CS05
81,MA510,CS06
82,MA510,CS07
83,MA510,CS08
84,MA510,CS09
85,MA510,CS10
86,MA510,CS11
87,MA510,CS12
88,CS510,CS13
89,CS520,CS13
90,CS530,CS13
91,CS540,CS13
92,CS550,CS13
93,MA510,CS13
167,MA510,CS5B01
168,CS510,CS5B01
169,CS520,CS5B01
170,CS530,CS5B01
171,CS540,CS5B01
172,CS550,CS5B01
173,MA510,CS5B02
174,CS510,CS5B02
175,CS520,CS5B02
176,CS530,CS5B02
177,CS540,CS5B02
178,CS550,CS5B02
179,MA510,CS5B03
180,CS510,CS5B03
181,CS520,CS5B03
182,CS530,CS5B03
183,CS540,CS5B03
184,CS550,CS5B03
185,MA510,CS5B04
186,CS510,CS5B04
187,CS520,CS5B04
188,CS530,CS5B04
189,CS540,CS5B04
190,CS550,CS5B04
191,MA510,CS5B05
192,CS510,CS5B05
193,CS520,CS5B05
194,CS530,CS5B05
195,CS540,CS5B05
196,CS550,CS5B05
197,MA510,CS5B06
198,CS510,CS5B06
199,CS520,CS5B06
200,CS530,CS5B06
201,CS540,CS5B06
202,CS550,CS5B06
203,MA510,CS5B07
204,CS510,CS5B07
205,CS520,CS5B07
206,CS530,CS5B07
207,CS540,CS5B07
208,CS550,CS5B07
209,MA510,CS5B08
210,CS510,CS5B08
211,CS520,CS5B08
212,CS530,CS5B08
213,CS540,CS5B08
214,CS550,CS5B08
215,MA510,CS5B09
216,CS510,CS5B09
217,CS520,CS5B09
218,CS530,CS5B09
219,CS540,CS5B09
220,CS550,CS5B09
221,MA510,CS5B10
222,CS510,CS5B10
223,CS520,CS5B10
224,CS530,CS5B10
225,CS540,CS5B10
226,CS550,CS5B10
227,MA310,CS3A01
228,MA310,CS3A02
229,MA310,CS3A03
230,MA310,CS3A04
231,MA310,CS3A05
232,MA310,CS3A06
233,MA310,CS3A07
234,MA310,CS3A08
235,MA310,CS3A09
236,MA310,CS3A10
237,CS310,CS3A01
238,CS310,CS3A02
239,CS310,CS3A03
240,CS310,CS3A04
241,CS310,CS3A05
242,CS310,CS3A06
243,CS310,CS3A07
244,CS310,CS3A08
245,CS310,CS3A09
246,CS310,CS3A10
247,CS320,CS3A01
248,CS320,CS3A02
249,CS320,CS3A03
250,CS320,CS3A04
251,CS320,CS3A05
252,CS320,CS3A06
253,CS320,CS3A07
254,CS320,CS3A08
255,CS320,CS3A09
256,CS320,CS3A10
257,CS330,CS3A01
258,CS330,CS3A02
259,CS330,CS3A03
260,CS330,CS3A04
261,CS330,CS3A05
262,CS330,CS3A06
263,CS330,CS3A07
264,CS330,CS3A08
265,CS330,CS3A09
266,CS330,CS3A10
267,CS340,CS3A01
268,CS340,CS3A02
269,CS340,CS3A03
270,CS340,CS3A04
271,CS340,CS3A05
272,CS340,CS3A06
273,CS340,CS3A07
274,CS340,CS3A08
275,CS340,CS3A09
276,CS340,CS3A10
277,CS350,CS3A01
278,CS350,CS3A02
279,CS350,CS3A03
280,CS350,CS3A04
281,CS350,CS3A05
282,CS350,CS3A06
283,CS350,CS3A07
284,CS350,CS3A08
285,CS350,CS3A09
286,CS350,CS3A10
287,HU320,CS3A01
288,HU320,CS3A02
289,HU320,CS3A03
290,HU320,CS3A04
291,HU320,CS3A05
292,HU320,CS3A06
293,HU320,CS3A07
294,HU320,CS3A08
295,HU320,CS3A09
296,HU320,CS3A10
